2018rank,City,State,2018estimate,2010Census,2016 land area (sq mi),2016 population density (sq mi),Zhvi,Median Income,Cost Score,Cost Rank
1,New York City,New York,8398748,8175133,301.5,28317.0,677000,64894.0,10.432397448146208,20.0
2,Los Angeles,California,3990456,3792621,468.7,8484.0,686100,71805.0,9.555044913306872,27.0
3,Chicago,Illinois,2705994,2695598,227.3,11900.0,229400,62992.0,3.641732283464567,190.0
4,Houston,Texas,2325502,2100263,637.5,3613.0,186000,59206.0,3.1415734891733944,228.0
5,Phoenix,Arizona,1660272,1445632,517.6,3120.0,242600,56581.0,4.287658401230095,159.0
6,Philadelphia,Pennsylvania,1584138,1526006,134.2,11683.0,156400,59195.0,2.642115043500296,253.0
7,San Antonio,Texas,1532233,1327407,461.0,3238.0,176100,59206.0,2.9743607066851334,237.0
8,San Diego,California,1425976,1307402,325.2,4325.0,633600,71805.0,8.823898057238354,30.0
9,Dallas,Texas,1345047,1197816,340.9,3866.0,214400,59206.0,3.6212546025740635,193.0
10,San Jose,California,1030119,945942,177.5,5777.0,1039700,71805.0,14.479493071513126,7.0
11,Austin,Texas,964254,790390,312.7,3031.0,368600,59206.0,6.225720366179104,79.0
12,Jacksonville,Florida,903889,821784,747.4,1178.0,177500,52594.0,3.374909685515458,208.0
13,Fort Worth,Texas,895008,741206,342.9,2491.0,197400,59206.0,3.3341215417356347,213.0
14,Columbus,Ohio,892533,787033,218.5,3936.0,156500,54021.0,2.8970215286647787,244.0
15,San Francisco,California,883305,805235,46.9,18569.0,1357500,71805.0,18.90536870691456,3.0
16,Charlotte,North Carolina,872498,731424,305.4,2757.0,224800,52752.0,4.261449802851077,161.0
17,Indianapolis,Indiana,867125,820445,361.5,2366.0,144100,54181.0,2.6596039201934256,250.0
18,Seattle,Washington,744955,608660,83.8,8405.0,723300,70979.0,10.190337987292017,24.0
19,Denver,Colorado,716492,600158,153.3,4521.0,424700,69117.0,6.144653269094434,82.0
20,"Washington, D.C.",District of Columbia,702455,601723,61.1,11148.0,573900,82336.0,6.970219588029537,60.0
21,Boston,Massachusetts,694583,617594,48.3,13938.0,599000,77385.0,7.740518188279382,44.0
22,El Paso,Texas,682669,649121,256.8,2660.0,128800,59206.0,2.1754551903523294,287.0
23,Detroit,Michigan,672662,713777,138.8,4847.0,118400,54909.0,2.1562949607532462,288.0
24,Nashville,Tennessee,669053,601222,475.9,1388.0,263500,51340.0,5.132450331125828,122.0
25,Portland,Oregon,653115,583776,133.5,4793.0,422500,60212.0,7.016873712881154,59.0
26,Memphis,Tennessee,650618,646889,317.4,2056.0,85900,51340.0,1.6731593299571483,301.0
27,Oklahoma City,Oklahoma,649021,579999,606.3,1053.0,130200,50051.0,2.60134662644103,254.0
28,Las Vegas,Nevada,644644,583756,134.4,4709.0,275500,58003.0,4.749754323052256,130.0
29,Louisville,Kentucky,620118,597337,263.5,2339.0,159800,48375.0,3.303359173126615,218.0
30,Baltimore,Maryland,602495,620961,80.9,7598.0,114800,80776.0,1.4212142220461523,307.0
31,Milwaukee,Wisconsin,592025,594833,96.2,6186.0,122800,59305.0,2.070651715706939,291.0
32,Albuquerque,New Mexico,560218,545852,188.2,2972.0,201800,46744.0,4.317131610474071,158.0
33,Tucson,Arizona,545975,520116,230.8,2299.0,187600,56581.0,3.315600643325498,215.0
34,Fresno,California,530093,494665,114.4,4563.0,242500,71805.0,3.3772021446974443,207.0
35,Mesa,Arizona,508958,439041,137.9,3514.0,251300,56581.0,4.4414202647531855,149.0
36,Sacramento,California,508529,466488,97.9,5059.0,326900,71805.0,4.5526077571199774,142.0
37,Atlanta,Georgia,498044,420003,133.5,3539.0,259700,56183.0,4.622394674545681,137.0
38,Kansas City,Missouri,491918,459787,315.0,1528.0,148900,53578.0,2.7791257605733697,245.0
39,Colorado Springs,Colorado,472688,416427,195.6,2378.0,293000,69117.0,4.239188622191357,162.0
40,Miami,Florida,470914,399457,36.0,12599.0,337200,52594.0,6.411377723694718,72.0
41,Raleigh,North Carolina,469298,403892,145.1,3163.0,275400,52752.0,5.220655141037307,118.0
42,Omaha,Nebraska,468262,408958,133.2,3356.0,175600,59970.0,2.928130732032683,241.0
43,Long Beach,California,467354,462257,50.3,9347.0,593500,71805.0,8.265441125269827,37.0
44,Virginia Beach,Virginia,450189,437994,244.7,1850.0,267100,71535.0,3.733836583490599,185.0
45,Oakland,California,429082,390724,55.9,7514.0,735200,71805.0,10.238841306315717,22.0
46,Minneapolis,Minnesota,425403,382578,54.0,7660.0,266800,68388.0,3.9012692285196233,177.0
47,Tulsa,Oklahoma,400669,391906,196.8,2048.0,121200,50051.0,2.421530039359853,268.0
48,Arlington,Texas,398112,365438,95.8,4100.0,207900,59206.0,3.511468432253488,198.0
49,Tampa,Florida,392890,335709,113.4,3326.0,221100,52594.0,4.203901585732213,164.0
50,New Orleans,Louisiana,391006,343829,169.4,2311.0,178700,46145.0,3.872575576985589,179.0
51,Wichita,Kansas,389255,382368,160.4,2431.0,127700,56422.0,2.263301549041154,283.0
52,Cleveland,Ohio,383793,396815,77.7,4965.0,55300,54021.0,1.0236759778604616,316.0
53,Bakersfield,California,383579,347483,148.8,2529.0,241600,71805.0,3.364668198593413,210.0
54,Aurora,Colorado,374114,325078,153.5,2356.0,327000,69117.0,4.731108121012197,131.0
55,Anaheim,California,352005,336265,50.0,7021.0,595700,71805.0,8.296079660190795,36.0
56,Honolulu,Hawaii,347397,337256,60.5,5815.0,661200,77765.0,8.5025397029512,33.0
57,Santa Ana,California,332725,324528,27.1,12333.0,547800,71805.0,7.62899519532066,46.0
58,Riverside,California,330063,303871,81.2,3999.0,409100,71805.0,5.697374834621544,98.0
59,Corpus Christi,Texas,326554,305215,174.6,1866.0,149000,59206.0,2.5166368273485795,259.0
60,Lexington,Kentucky,323780,295803,283.6,1123.0,183300,48375.0,3.7891472868217053,183.0
61,Stockton,California,311178,291707,61.7,4977.0,300600,71805.0,4.186337998746605,165.0
62,Henderson,Nevada,310390,257729,104.7,2798.0,329800,58003.0,5.685912797613916,100.0
63,Saint Paul,Minnesota,307695,285068,52.0,5815.0,220300,68388.0,3.221325378721413,223.0
64,St. Louis,Missouri,302838,319294,62.0,5023.0,117800,53578.0,2.198663630594647,285.0
65,Cincinnati,Ohio,302605,296943,77.4,3860.0,144400,54021.0,2.6730345606338277,249.0
66,Pittsburgh,Pennsylvania,301048,305704,55.4,5481.0,147500,59195.0,2.491764507137427,262.0
67,Greensboro,North Carolina,294722,269666,128.3,2237.0,143300,52752.0,2.7164846830451927,247.0
68,Anchorage,Alaska,291538,291826,1706.6,175.0,336700,73181.0,4.60092100408576,138.0
69,Plano,Texas,288061,259841,71.7,3990.0,336900,59206.0,5.690301658615681,99.0
70,Lincoln,Nebraska,287401,258379,92.1,3044.0,183000,59970.0,3.0515257628814405,234.0
71,Orlando,Florida,285713,238300,105.2,2635.0,241200,52594.0,4.586074457162414,139.0
72,Irvine,California,282572,212375,65.6,4057.0,856000,71805.0,11.921175405612422,12.0
73,Newark,New Jersey,282090,277140,24.1,11691.0,259700,80088.0,3.242683048646489,222.0
74,Toledo,Ohio,274975,287208,80.7,3451.0,69600,54021.0,1.2883878491697673,313.0
75,Durham,North Carolina,274291,228330,109.8,2395.0,228000,52752.0,4.322111010009099,155.0
76,Chula Vista,California,271651,243916,49.6,5387.0,537000,71805.0,7.478587842072279,49.0
77,Fort Wayne,Indiana,267633,253691,110.6,2391.0,133500,54181.0,2.463963381997379,263.0
78,Jersey City,New Jersey,265549,247597,14.8,17848.0,483900,80088.0,6.04210368594546,85.0
79,St. Petersburg,Florida,265098,244769,61.8,4223.0,216400,52594.0,4.114537779974902,168.0
80,Laredo,Texas,261639,236091,101.1,2544.0,143900,59206.0,2.430496909097051,267.0
81,Madison,Wisconsin,258054,233209,77.0,3280.0,253400,59305.0,4.272826911727511,160.0
82,Chandler,Arizona,257165,236123,64.9,3813.0,317300,56581.0,5.607889574238702,104.0
83,Buffalo,New York,256304,261310,40.4,6359.0,86200,64894.0,1.3283200295867106,312.0
84,Lubbock,Texas,255885,229573,124.6,2027.0,134900,59206.0,2.2784852886531772,279.5
85,Scottsdale,Arizona,255310,217385,183.9,1341.0,480200,56581.0,8.486947915377954,34.0
86,Reno,Nevada,250998,225221,107.3,2286.0,370200,58003.0,6.382428495077841,73.0
87,Glendale,Arizona,250702,226721,59.1,4161.0,232500,56581.0,4.109153249323978,169.0
88,Gilbert,Arizona,248279,208453,68.0,3487.0,337600,56581.0,5.96666725579258,88.0
89,Winston-Salem,North Carolina,246328,229617,132.5,1828.0,135900,52752.0,2.576205641492266,256.0
90,North Las Vegas,Nevada,245949,216961,98.0,2436.0,261500,58003.0,4.508387497198421,145.0
91,Norfolk,Virginia,244076,242803,53.3,4599.0,189200,71535.0,2.644859159851821,252.0
92,Chesapeake,Virginia,242634,222209,338.5,703.0,267000,71535.0,3.7324386663870834,186.0
93,Garland,Texas,242507,226876,57.0,4122.0,204100,59206.0,3.4472857480660744,201.0
94,Irving,Texas,242242,216290,67.0,3557.0,222200,59206.0,3.7529980069587543,184.0
95,Hialeah,Florida,238942,224669,21.5,10995.0,286300,52594.0,5.443586720918736,107.0
96,Fremont,California,237807,214089,77.5,3008.0,1120700,71805.0,15.607548220875984,6.0
97,Boise,Idaho,228790,205671,82.1,2718.0,299300,52225.0,5.730971756821446,97.0
98,Richmond,Virginia,228783,204214,59.8,3732.0,220900,71535.0,3.087998881666317,231.0
99,Baton Rouge,Louisiana,221599,229493,85.9,2651.0,164300,46145.0,3.560515765521725,196.0
100,Spokane,Washington,219190,208916,68.7,3144.0,212400,70979.0,2.99243438200031,236.0
101,Des Moines,Iowa,216853,203433,88.9,2424.0,142500,58570.0,2.4329861703944,265.0
102,Tacoma,Washington,216279,198397,49.7,4251.0,312200,70979.0,4.398484058665239,153.0
103,San Bernardino,California,215941,209924,61.5,3516.0,289800,71805.0,4.035930645498224,172.0
104,Modesto,California,215030,201165,43.0,4934.0,297100,71805.0,4.137594875008704,167.0
105,Fontana,California,213739,196069,43.0,4876.0,391200,71805.0,5.4480885732191355,106.0
106,Santa Clarita,California,210089,176320,52.8,3446.0,545000,71805.0,7.590000696330339,47.0
107,Birmingham,Alabama,209880,212237,146.1,1452.0,357600,48123.0,7.430958169690169,50.0
108,Oxnard,California,209877,197899,26.9,7729.0,503900,71805.0,7.017617157579556,58.0
109,Fayetteville,North Carolina,209468,200564,147.7,1386.0,106400,52752.0,2.0169851380042463,294.0
110,Moreno Valley,California,209050,193365,51.3,4006.0,333800,71805.0,4.648701343917555,136.0
111,Rochester,New York,206284,210565,35.8,5835.0,75500,64894.0,1.163435756772583,315.0
111,Rochester,New York,206284,210565,35.8,5835.0,235900,64894.0,3.635158874472216,191.0
112,Glendale,California,201361,191719,30.4,6606.0,847000,71805.0,11.795835944572104,13.0
113,Huntington Beach,California,200641,189992,26.9,7459.0,830500,71805.0,11.566046932664856,14.0
114,Salt Lake City,Utah,200591,186440,111.2,1742.0,397600,68358.0,5.816436993475526,96.0
115,Grand Rapids,Michigan,200217,188040,44.4,4424.0,161900,54909.0,2.9485148154218797,239.0
115,Grand Rapids,Michigan,200217,188040,44.4,4424.0,294300,54909.0,5.3597770857236515,111.0
116,Amarillo,Texas,199924,190695,101.4,1968.0,134900,59206.0,2.2784852886531772,279.5
117,Yonkers,New York,199663,195976,18.0,11156.0,517600,64894.0,7.97608407556939,41.0
118,Aurora,Illinois,199602,197899,44.9,4479.0,184900,62992.0,2.935293370586741,240.0
119,Montgomery,Alabama,198218,205764,159.8,1252.0,83100,48123.0,1.7268250109095442,298.0
120,Akron,Ohio,198006,199110,62.0,3188.0,67000,54021.0,1.2402584180226208,314.0
121,Little Rock,Arkansas,197881,193524,118.7,1673.0,140200,45869.0,3.0565305544049357,233.0
122,Huntsville,Alabama,197318,180105,213.4,905.0,153300,48123.0,3.18558693348295,224.0
123,Augusta,Georgia,196939,195844,302.5,652.0,166100,56183.0,2.9564103020486625,238.0
124,Port St. Lucie,Florida,195248,164603,118.9,1557.0,222500,52594.0,4.230520591702476,163.0
125,Grand Prairie,Texas,194614,175396,72.3,2637.0,211700,59206.0,3.575651116440901,195.0
126,Columbus,Georgia,194160,189885,216.4,913.0,92000,56183.0,1.6375060071551892,302.0
127,Tallahassee,Florida,193551,181376,100.4,1901.0,183400,52594.0,3.4870897821044227,200.0
128,Overland Park,Kansas,192536,173372,75.1,2516.0,318700,56422.0,5.648505901953139,102.0
129,Tempe,Arizona,192364,161719,40.0,4562.0,290000,56581.0,5.125395450769693,123.0
130,McKinney,Texas,191645,131117,63.0,2735.0,313200,59206.0,5.2900043914468124,115.0
131,Mobile,Alabama,189572,195111,139.4,1384.0,120400,48123.0,2.5019221578039605,261.0
132,Cape Coral,Florida,189343,154305,105.6,1703.0,227300,52594.0,4.321785755029091,156.0
133,Shreveport,Louisiana,188987,199311,107.1,1820.0,177500,46145.0,3.8465705926969336,181.0
134,Frisco,Texas,188170,116989,67.7,2417.0,397200,59206.0,6.708779515589637,66.0
135,Knoxville,Tennessee,187500,178874,98.5,1891.0,173900,51340.0,3.387222438644332,205.0
136,Worcester,Massachusetts,185877,181045,37.4,4933.0,242600,77385.0,3.1349744782580604,229.0
137,Brownsville,Texas,183392,175023,132.5,1387.0,89500,59206.0,1.5116711144140798,306.0
138,Vancouver,Washington,183012,161791,46.9,3728.0,321200,70979.0,4.5252821256991504,143.0
139,Fort Lauderdale,Florida,182595,165521,34.6,5166.0,315200,52594.0,5.993079058447732,87.0
140,Sioux Falls,South Dakota,181883,153888,75.4,2312.0,189100,56894.0,3.3237248215980597,214.0
141,Ontario,California,181107,163924,49.9,3471.0,426900,71805.0,5.945268435345728,89.0
142,Chattanooga,Tennessee,180557,167674,143.1,1241.0,149700,51340.0,2.9158550837553565,243.0
143,Providence,Rhode Island,179335,178042,18.4,9740.0,213000,63870.0,3.3348990136214187,212.0
144,Newport News,Virginia,178626,180719,69.1,2631.0,180200,71535.0,2.519046620535402,258.0
145,Rancho Cucamonga,California,177751,165269,40.0,4413.0,525200,71805.0,7.3142538820416405,53.0
146,Santa Rosa,California,177586,167815,41.3,4241.0,573900,71805.0,7.992479632337581,40.0
147,Oceanside,California,176080,167086,41.3,4249.0,532700,71805.0,7.418703432908572,51.0
148,Salem,Oregon,173442,154637,48.6,3445.0,282900,60212.0,4.698398990234505,134.0
149,Elk Grove,California,172886,153015,42.2,4022.0,437700,71805.0,6.095675788594109,84.0
150,Garden Grove,California,172646,170883,18.0,9714.0,617600,71805.0,8.601072348722234,32.0
151,Pembroke Pines,Florida,172374,154019,33.0,5109.0,308300,52594.0,5.8618853861657225,94.0
152,Peoria,Arizona,172259,154065,175.7,934.0,279600,56581.0,4.941588165638642,125.0
153,Eugene,Oregon,171245,156185,44.1,3777.0,313200,60212.0,5.201620939347638,119.0
154,Corona,California,168819,152374,39.5,4222.0,497000,71805.0,6.921523570781979,62.0
155,Cary,North Carolina,168160,135234,56.5,2873.0,372700,52752.0,7.065134971185927,57.0
156,Springfield,Missouri,168122,159498,82.3,2033.0,138700,53578.0,2.5887491134420846,255.0
157,Fort Collins,Colorado,167830,143986,55.8,2943.0,390500,69117.0,5.649840126162883,101.0
158,Jackson,Mississippi,164422,173514,111.0,1524.0,149600,43529.0,3.436789266925498,202.0
159,Alexandria,Virginia,160530,139966,15.0,10387.0,689800,71535.0,9.642832180051723,26.0
160,Hayward,California,159620,144186,45.5,3493.0,661200,71805.0,9.20827240442866,28.0
161,Lancaster,California,159053,156633,94.3,1698.0,286100,71805.0,3.9844022004038715,176.0
162,Lakewood,Colorado,156798,142980,42.9,3599.0,409200,69117.0,5.920395850514345,90.0
163,Clarksville,Tennessee,156794,132929,98.3,1529.0,161500,51340.0,3.1456953642384105,227.0
164,Palmdale,California,156667,152750,106.0,1484.0,315700,71805.0,4.396629761158693,154.0
165,Salinas,California,156259,150441,23.6,6662.0,486000,71805.0,6.7683308961771464,64.0
166,Springfield,Massachusetts,155032,153060,31.9,4830.0,161600,77385.0,2.08825999870776,290.0
167,Hollywood,Florida,154823,140768,27.3,5568.0,278000,52594.0,5.285774042666464,116.0
168,Pasadena,Texas,153219,149043,43.5,3525.0,149500,59206.0,2.5250819173732393,257.0
169,Sunnyvale,California,153185,140081,22.0,6944.0,1713500,71805.0,23.86324072139823,1.0
170,Macon,Georgia,153095,91351,249.3,612.0,78600,56183.0,1.3989996974173682,308.0
171,Kansas City,Kansas,152958,145786,124.8,1216.0,102000,56422.0,1.807805465952997,297.0
172,Pomona,California,152361,149058,23.0,6630.0,424800,71805.0,5.916022561102987,91.0
173,Escondido,California,152213,143911,37.1,4087.0,518900,71805.0,7.226516259313418,54.0
174,Killeen,Texas,149103,127921,53.5,2680.0,122500,59206.0,2.0690470560416174,292.0
175,Naperville,Illinois,148304,141853,38.7,3802.0,398200,62992.0,6.321437642875286,76.0
176,Joliet,Illinois,148099,147433,64.4,2302.0,143700,62992.0,2.2812420624841248,278.0
177,Bellevue,Washington,147599,122363,33.5,4221.0,919800,70979.0,12.958762450865748,10.0
178,Rockford,Illinois,146526,152871,63.5,2325.0,86400,62992.0,1.3716027432054865,310.0
179,Savannah,Georgia,145862,136286,103.6,1417.0,135300,56183.0,2.4082017692184468,269.0
180,Paterson,New Jersey,145627,146199,8.4,17500.0,260800,80088.0,3.256417940265708,221.0
181,Torrance,California,145182,145438,20.5,7180.0,817700,71805.0,11.38778636585196,17.0
182,Bridgeport,Connecticut,144900,144229,16.1,9064.0,175500,74168.0,2.3662495955128895,272.0
183,McAllen,Texas,143433,129877,58.4,2435.0,136700,59206.0,2.3088876127419518,275.0
184,Mesquite,Texas,142816,139824,47.2,3045.0,186500,59206.0,3.150018579198054,226.0
185,Syracuse,New York,142749,145170,25.0,5735.0,87000,64894.0,1.3406478256849632,311.0
186,Midland,Texas,142344,111147,74.4,1809.0,260600,59206.0,4.401580920852616,152.0
187,Pasadena,California,141371,137122,23.0,6176.0,824000,71805.0,11.475523988580182,16.0
188,Murfreesboro,Tennessee,141344,108755,55.9,2360.0,241700,51340.0,4.707830151928321,132.0
189,Miramar,Florida,140823,122041,29.4,4709.0,311000,52594.0,5.913222040536944,92.0
190,Dayton,Ohio,140640,141527,55.7,2522.0,51800,54021.0,0.9588863590085337,317.0
191,Fullerton,California,139640,135161,22.4,6282.0,646200,71805.0,8.9993733026948,29.0
192,Olathe,Kansas,139605,125872,60.9,2225.0,262400,56422.0,4.650668179079083,135.0
193,Orange,California,139484,136416,25.4,5532.0,693600,71805.0,9.659494464173804,25.0
194,Thornton,Colorado,139436,118772,35.7,3829.0,361900,69117.0,5.236049018331236,117.0
195,Roseville,California,139117,118788,43.0,3085.0,460800,71805.0,6.417380405264257,71.0
196,Denton,Texas,138541,113383,93.4,1433.0,236800,59206.0,3.9995946356788163,174.0
197,Waco,Texas,138183,124805,89.0,1510.0,122400,59206.0,2.0673580380366854,293.0
198,Surprise,Arizona,138161,117517,107.9,1230.0,258500,56581.0,4.568671462151606,141.0
199,Carrollton,Texas,136879,119097,36.3,3674.0,287300,59206.0,4.852548728169443,127.0
200,West Valley City,Utah,136401,129480,35.5,3847.0,301600,68358.0,4.412065888411012,151.0
201,Charleston,South Carolina,136208,120083,109.0,1233.0,319100,50570.0,6.31006525608068,77.0
202,Warren,Michigan,134587,134056,34.4,3928.0,137900,54909.0,2.5114279990529784,260.0
203,Hampton,Virginia,134313,137436,51.5,2629.0,165700,71535.0,2.3163486405256166,274.0
204,Gainesville,Florida,133857,124354,62.3,2112.0,183800,52594.0,3.4946952123816404,199.0
205,Visalia,California,133800,124442,37.5,3495.0,240200,71805.0,3.3451709490982524,211.0
206,Coral Springs,Florida,133507,121096,23.8,5465.0,358500,52594.0,6.816366885956573,63.0
207,Columbia,South Carolina,133451,129272,133.5,1006.0,134000,50570.0,2.6497923670160173,251.0
208,Cedar Rapids,Iowa,133174,126326,70.8,1852.0,133400,58570.0,2.2776165272323716,281.0
209,Sterling Heights,Michigan,132964,129699,36.5,3628.0,208100,54909.0,3.789906936932015,182.0
210,New Haven,Connecticut,130418,129779,18.7,6948.0,172100,74168.0,2.320407723007227,273.0
211,Stamford,Connecticut,129775,122643,37.6,3434.0,288000,74168.0,3.8830762593032033,178.0
212,Concord,California,129688,122067,30.5,4221.0,593300,71805.0,8.262655803913377,38.0
213,Kent,Washington,129618,92411,33.7,3784.0,384300,70979.0,5.414277462348019,109.0
214,Santa Clara,California,129488,116468,18.4,6845.0,1305100,71805.0,18.175614511524266,4.0
215,Elizabeth,New Jersey,128885,124969,12.3,10459.0,293100,80088.0,3.659724303266407,189.0
216,Round Rock,Texas,128739,99887,35.6,3396.0,278600,59206.0,4.705604161740364,133.0
217,Thousand Oaks,California,127690,126683,55.2,2335.0,732300,71805.0,10.198454146647169,23.0
218,Lafayette,Louisiana,126143,120623,53.8,2372.0,157500,46145.0,3.4131541878860117,204.0
219,Athens,Georgia,125964,115452,116.4,1060.0,177800,56183.0,3.1646583486107898,225.0
220,Topeka,Kansas,125904,127473,61.5,2062.0,112200,56422.0,1.9885860125482968,295.0
221,Simi Valley,California,125851,124237,41.5,3044.0,582000,71805.0,8.105285147273866,39.0
222,Fargo,North Dakota,124844,105549,49.3,2450.0,224000,61843.0,3.6220752550814157,192.0
223,Norman,Oklahoma,123471,110925,178.8,683.0,165700,50051.0,3.3106231643723403,216.0
224,Columbia,Missouri,123180,108500,65.0,1856.0,180400,53578.0,3.367053641419986,209.0
225,Abilene,Texas,122999,117063,106.7,1146.0,125700,59206.0,2.123095632199439,289.0
226,Wilmington,North Carolina,122607,106476,51.6,2278.0,227800,52752.0,4.318319684561723,157.0
227,Hartford,Connecticut,122587,124775,17.4,7083.0,127700,74168.0,1.7217667996979829,299.0
228,Victorville,California,122312,115903,73.3,1668.0,254900,71805.0,3.5498920687974374,197.0
229,Pearland,Texas,122149,91252,46.3,2453.0,265100,59206.0,4.477586731074553,148.0
230,Vallejo,California,121913,115942,30.7,3951.0,420400,71805.0,5.854745491261054,95.0
231,Ann Arbor,Michigan,121890,113934,28.1,4298.0,382700,54909.0,6.969713526015772,61.0
232,Berkeley,California,121643,112580,10.5,11547.0,1217700,71805.0,16.95842907875496,5.0
233,Allentown,Pennsylvania,121433,118032,17.5,6882.0,135400,59195.0,2.2873553509586957,277.0
234,Richardson,Texas,120981,99223,28.6,3963.0,315000,59206.0,5.320406715535587,114.0
235,Odessa,Texas,120568,99940,45.2,2608.0,173000,59206.0,2.9220011485322432,242.0
236,Arvada,Colorado,120492,106433,38.6,3043.0,414600,69117.0,5.998524241503538,86.0
237,Cambridge,Massachusetts,118977,105162,6.4,17289.0,802900,77385.0,10.375395748530076,21.0
238,Sugar Land,Texas,118600,78817,34.0,3488.0,306400,59206.0,5.175151167111442,121.0
239,Beaumont,Texas,118428,118296,82.1,1441.0,109900,59206.0,1.856230787420194,296.0
240,Lansing,Michigan,118427,114297,39.1,2967.0,87600,54909.0,1.5953668797464897,303.0
241,Evansville,Indiana,117963,117429,47.3,2526.0,120600,54181.0,2.2258725383436997,284.0
242,Rochester,Minnesota,116961,106769,54.6,2088.0,225100,68388.0,3.2915131309586476,219.0
243,Independence,Missouri,116925,116830,77.8,1504.0,121900,53578.0,2.2751875769905556,282.0
244,Fairfield,California,116884,105321,40.9,2806.0,455000,71805.0,6.336606085927164,74.0
245,Provo,Utah,116702,112488,41.7,2803.0,306400,68358.0,4.482284443664239,147.0
246,Clearwater,Florida,116478,107685,25.9,4415.0,209800,52594.0,3.989048180400806,175.0
247,College Station,Texas,116218,93857,51.0,2199.0,242400,59206.0,4.094179643955004,170.0
248,West Jordan,Utah,116046,103712,32.3,3520.0,355200,68358.0,5.196173088738699,120.0
249,Carlsbad,California,115877,105328,37.7,3023.0,861100,71805.0,11.992201100201935,11.0
250,El Monte,California,115586,113475,9.6,12063.0,516200,71805.0,7.188914421001323,55.0
251,Murrieta,California,114985,103466,33.6,3324.0,439000,71805.0,6.113780377411044,83.0
252,Temecula,California,114742,100097,37.3,3031.0,473800,71805.0,6.598426293433605,68.0
253,Springfield,Illinois,114694,116250,60.1,1925.0,106400,62992.0,1.6891033782067564,300.0
254,Palm Bay,Florida,114194,103190,65.7,1676.0,179600,52594.0,3.4148381944708524,203.0
255,Costa Mesa,California,113615,109960,15.7,7186.0,806400,71805.0,11.230415709212451,18.0
256,Westminster,Colorado,113479,106114,31.7,3592.0,371900,69117.0,5.380731223866777,110.0
257,North Charleston,South Carolina,113237,97471,73.7,1483.0,170900,50570.0,3.3794739964405776,206.0
258,Miami Gardens,Florida,113069,107167,18.2,6212.0,256800,52594.0,4.882686237973913,126.0
259,Manchester,New Hampshire,112525,109565,33.1,3339.0,240400,73381.0,3.2760523841321323,220.0
260,High Point,North Carolina,112316,104371,55.2,2015.0,125800,52752.0,2.384743706399757,271.0
261,Downey,California,112269,111772,12.4,9134.0,570300,71805.0,7.942343847921454,42.0
262,Clovis,California,112022,95631,24.2,4404.0,342800,71805.0,4.774040804957872,129.0
263,Pompano Beach,Florida,111954,99845,24.0,4558.0,214900,52594.0,4.086017416435335,171.0
264,Pueblo,Colorado,111750,106595,53.6,2058.0,168900,69117.0,2.4436824514952904,264.0
265,Elgin,Illinois,111683,108188,37.4,2998.0,191800,62992.0,3.0448310896621793,235.0
266,Lowell,Massachusetts,111670,106519,13.6,8129.0,286600,77385.0,3.703560121470569,187.0
267,Antioch,California,111535,102372,29.4,3772.0,446400,71805.0,6.216837267599749,80.0
268,West Palm Beach,Florida,111398,99919,55.1,1963.0,237600,52594.0,4.517625584667453,144.0
269,Peoria,Illinois,111388,115007,48.2,2371.0,87700,62992.0,1.392240284480569,309.0
270,Everett,Washington,111262,103019,33.3,3275.0,379600,70979.0,5.348060694008087,113.0
271,Ventura,California,111128,106433,21.8,5027.0,609200,71805.0,8.48408885175127,35.0
272,Centennial,Colorado,110831,100377,29.5,3727.0,457500,69117.0,6.619210903251009,67.0
273,Lakeland,Florida,110516,97422,65.9,1615.0,161600,52594.0,3.0725938319960453,232.0
274,Gresham,Oregon,110158,105594,23.3,4786.0,338300,60212.0,5.6184813658406965,103.0
275,Richmond,California,110146,103701,30.1,3648.0,528500,71805.0,7.36021168442309,52.0
276,Billings,Montana,109550,104170,43.7,2525.0,235900,53386.0,4.418761473045367,150.0
277,Inglewood,California,109419,109673,9.1,12160.0,555800,71805.0,7.74040804957872,45.0
278,Broken Arrow,Oklahoma,109171,98850,61.7,1741.0,165600,50051.0,3.3086252022936606,217.0
279,Sandy Springs,Georgia,108797,93853,37.7,2804.0,488700,56183.0,8.698360714095012,31.0
280,Jurupa Valley,California,108393,0,42.9,2414.0,394800,71805.0,5.498224357635262,105.0
281,Hillsboro,Oregon,108389,91611,25.0,4207.0,376000,60212.0,6.244602404836245,78.0
282,Waterbury,Connecticut,108093,110366,28.5,3799.0,118300,74168.0,1.5950275051235034,304.0
283,Santa Maria,California,107408,99553,22.8,4662.0,390000,71805.0,5.431376645080426,108.0
284,Boulder,Colorado,107353,97385,24.8,4358.0,742400,69117.0,10.741206938958577,19.0
285,Greeley,Colorado,107348,92889,47.8,2176.0,289300,69117.0,4.185656206143206,166.0
286,Daly City,California,107008,101123,7.6,14009.0,962500,71805.0,13.404359027922846,9.0
287,Meridian,Idaho,106804,75092,29.8,3584.0,322000,52225.0,6.165629487793202,81.0
288,Lewisville,Texas,106586,95290,36.7,2852.0,271400,59206.0,4.583994865385265,140.0
289,Davie,Florida,106558,91992,34.9,2919.0,340800,52594.0,6.479826596189679,70.0
290,West Covina,California,106311,106098,16.0,6740.0,561800,71805.0,7.823967690272265,43.0
291,League City,Texas,106244,83560,51.2,1992.0,265700,59206.0,4.487720839104145,146.0
292,Tyler,Texas,105729,96900,56.6,1852.0,144000,59206.0,2.432185927101983,266.0
293,Norwalk,California,105120,105549,9.7,10946.0,482800,71805.0,6.723765754473923,65.0
294,San Mateo,California,105025,97207,12.1,8592.0,1385800,71805.0,19.299491678852448,2.0
295,Green Bay,Wisconsin,104879,104057,45.4,2316.0,142700,59305.0,2.4062052103532587,270.0
296,Wichita Falls,Texas,104576,104553,72.2,1450.0,94400,59206.0,1.5944329966557445,305.0
297,Sparks,Nevada,104246,90264,35.9,2810.0,342400,58003.0,5.903142940882368,93.0
298,Lakewood,New Jersey,104157,92843,24.7,4079.0,322600,80088.0,4.02806912396364,173.0
299,Burbank,California,103695,103340,17.4,6003.0,825900,71805.0,11.501984541466472,15.0
299,Burbank,California,103695,103340,17.4,6003.0,992200,71805.0,13.817979249355895,8.0
300,Rialto,California,103440,99171,22.3,4633.0,364000,71805.0,5.069284868741731,124.0
301,Allen,Texas,103383,84246,27.1,3715.0,317000,59206.0,5.3541870756342265,112.0
302,El Cajon,California,103241,99478,14.5,7156.0,513400,71805.0,7.149919922011002,56.0
303,Las Cruces,New Mexico,102926,97618,76.9,1323.0,172800,46744.0,3.696731131268184,188.0
304,Renton,Washington,102153,90927,23.4,4314.0,462100,70979.0,6.5103763084856086,69.0
305,Davenport,Iowa,102085,99685,62.9,1631.0,127800,58570.0,2.182004439132662,286.0
306,South Bend,Indiana,101860,101168,41.4,2457.0,208700,54181.0,3.851903803916502,180.0
307,Vista,California,101224,93834,18.7,5436.0,541000,71805.0,7.534294269201309,48.0
308,Tuscaloosa,Alabama,101113,90468,71.7,1399.0,149000,48123.0,3.096232570704237,230.0
309,Clinton,Michigan,100800,96796,28.1,3573.0,148800,54909.0,2.709938261487188,248.0
310,Edison,New Jersey,100693,99967,30.1,3389.0,385400,80088.0,4.812206572769953,128.0
311,Woodbridge,New Jersey,100450,99585,23.3,4351.0,288000,80088.0,3.596044351213665,194.0
312,San Angelo,Texas,100215,93200,59.9,1681.0,136600,59206.0,2.3071985947370197,276.0
313,Kenosha,Wisconsin,100164,99218,28.0,3577.0,161600,59305.0,2.7248967203439847,246.0
314,Vacaville,California,100154,92428,29.0,3449.0,454800,71805.0,6.333820764570713,75.0
